geoid,name,median,median_annotation,median_moe,median_moe_annotation,american indian area/alaska native area/hawaiian home land
0095,"Alturas Indian Rancheria, CA",-666666666.0,-,-222222222.0,**,0095
0120,"Auburn Rancheria and Off-Reservation Trust Land, CA",-666666666.0,-,-222222222.0,**,0120
0125,"Augustine Reservation, CA",-666666666.0,-,-222222222.0,**,0125
0215,"Big Bend Rancheria, CA",-666666666.0,-,-222222222.0,**,0215
0240,"Big Lagoon Rancheria, CA",-666666666.0,-,-222222222.0,**,0240
0495,"Capitan Grande Reservation, CA",-666666666.0,-,-222222222.0,**,0495
0555,"Cedarville Rancheria and Off-Reservation Trust Land, CA",-666666666.0,-,-222222222.0,**,0555
0560,"Celilo Village Trust Land, OR",-666666666.0,-,-222222222.0,**,0560
0620,"Chicken Ranch Rancheria and Off-Reservation Trust Land, CA",-666666666.0,-,-222222222.0,**,0620
0690,"Coconut Creek Trust Land, FL",-666666666.0,-,-222222222.0,**,0690
0780,"Cortina Indian Rancheria, CA",-666666666.0,-,-222222222.0,**,0780
0820,"Cowlitz Reservation, WA",-666666666.0,-,-222222222.0,**,0820
0955,"Dry Creek Rancheria and Off-Reservation Trust Land, CA",-666666666.0,-,-222222222.0,**,0955
1055,"Enterprise Rancheria and Off-Reservation Trust Land, CA",-666666666.0,-,-222222222.0,**,1055
1065,"Ewiiaapaayp Reservation, CA",-666666666.0,-,-222222222.0,**,1065
1260,"Fort Pierce Reservation, FL",-666666666.0,-,-222222222.0,**,1260
1270,"Fort Sill Apache Indian Reservation, NM",-666666666.0,-,-222222222.0,**,1270
1380,"Greenville Rancheria, CA",-666666666.0,-,-222222222.0,**,1380
1400,"Guidiville Rancheria and Off-Reservation Trust Land, CA",-666666666.0,-,-222222222.0,**,1400
1440,"Havasupai Reservation, AZ",-666666666.0,-,-222222222.0,**,1440
1560,"Inaja and Cosmit Reservation, CA",-666666666.0,-,-222222222.0,**,1560
1640,"Jackson Rancheria, CA",-666666666.0,-,-222222222.0,**,1640
1670,"Jamul Indian Village, CA",-666666666.0,-,-222222222.0,**,1670
1690,"Jena Band of Choctaw Reservation, LA",-666666666.0,-,-222222222.0,**,1690
1955,"Likely Rancheria, CA",-666666666.0,-,-222222222.0,**,1955
1980,"Lookout Rancheria, CA",-666666666.0,-,-222222222.0,**,1980
1995,"Los Coyotes Reservation, CA",-666666666.0,-,-222222222.0,**,1995
2075,"Lytton Rancheria, CA",-666666666.0,-,-222222222.0,**,2075
2147,"Mashpee Wampanoag Trust Land, MA",-666666666.0,-,-222222222.0,**,2147
2150,"Match-e-be-nash-she-wish Band of Pottawatomi Reservation and Off-Reservation Trust Land, MI",-666666666.0,-,-222222222.0,**,2150
2240,"Miccosukee Reservation and Off-Reservation Trust Land, FL",-666666666.0,-,-222222222.0,**,2240
2255,"Middletown Rancheria, CA",-666666666.0,-,-222222222.0,**,2255
2285,"Minnesota Chippewa Trust Land, MN",-666666666.0,-,-222222222.0,**,2285
2330,"Montgomery Creek Rancheria, CA",-666666666.0,-,-222222222.0,**,2330
2415,"Narragansett Reservation, RI",-666666666.0,-,-222222222.0,**,2415
2505,"Northwestern Shoshone Reservation, UT",-666666666.0,-,-222222222.0,**,2505
2535,"Oil Springs Reservation, NY",-666666666.0,-,-222222222.0,**,2535
2555,"Oneida Nation Reservation, NY",-666666666.0,-,-222222222.0,**,2555
2570,"Onondaga Nation Reservation, NY",-666666666.0,-,-222222222.0,**,2570
2580,"Ontonagon Reservation, MI",-666666666.0,-,-222222222.0,**,2580
2685,"Paskenta Rancheria, CA",-666666666.0,-,-222222222.0,**,2685
2695,"Passamaquoddy Trust Land, ME",-666666666.0,-,-222222222.0,**,2695
2775,"Picayune Rancheria and Off-Reservation Trust Land, CA",-666666666.0,-,-222222222.0,**,2775
2835,"Pit River Trust Land, CA",-666666666.0,-,-222222222.0,**,2835
2900,"Ponca (NE) Trust Land, NE--IA",-666666666.0,-,-222222222.0,**,2900
2985,"Prairie Island Indian Community and Off-Reservation Trust Land, MN",-666666666.0,-,-222222222.0,**,2985
3070,"Ramona Village, CA",-666666666.0,-,-222222222.0,**,3070
3145,"Resighini Rancheria, CA",-666666666.0,-,-222222222.0,**,3145
3265,"Rumsey Indian Rancheria, CA",-666666666.0,-,-222222222.0,**,3265
3445,"San Manuel Reservation and Off-Reservation Trust Land, CA",-666666666.0,-,-222222222.0,**,3445
3665,"Seminole (FL) Trust Land, FL",-666666666.0,-,-222222222.0,**,3665
3840,"Skull Valley Reservation, UT",-666666666.0,-,-222222222.0,**,3840
3860,"Snoqualmie Reservation, WA",-666666666.0,-,-222222222.0,**,3860
3930,"South Fork Reservation and Off-Reservation Trust Land, NV",-666666666.0,-,-222222222.0,**,3930
4000,"Stillaguamish Reservation and Off-Reservation Trust Land, WA",-666666666.0,-,-222222222.0,**,4000
4030,"Sulphur Bank Rancheria, CA",-666666666.0,-,-222222222.0,**,4030
4045,"Summit Lake Reservation and Off-Reservation Trust Land, NV",-666666666.0,-,-222222222.0,**,4045
4110,"Table Mountain Rancheria, CA",-666666666.0,-,-222222222.0,**,4110
4130,"Tampa Reservation, FL",-666666666.0,-,-222222222.0,**,4130
4180,"Timbi-Sha Shoshone Reservation and Off-Reservation Trust Land, CA--NV",-666666666.0,-,-222222222.0,**,4180
4235,"Tonto Apache Reservation and Off-Reservation Trust Land, AZ",-666666666.0,-,-222222222.0,**,4235
4375,"Twenty-Nine Palms Reservation and Off-Reservation Trust Land, CA",-666666666.0,-,-222222222.0,**,4375
4430,"Upper Lake Rancheria, CA",-666666666.0,-,-222222222.0,**,4430
4710,"Yavapai-Prescott Reservation, AZ",-666666666.0,-,-222222222.0,**,4710
4910,"Kickapoo (KS) Reservation/Sac and Fox Nation Trust Land joint-use area, KS",-666666666.0,-,-222222222.0,**,4910
4930,"San Felipe Pueblo/Santa Ana Pueblo joint-use area, NM",-666666666.0,-,-222222222.0,**,4930
4940,"San Felipe Pueblo/Santo Domingo Pueblo joint-use area, NM",-666666666.0,-,-222222222.0,**,4940
5008,"East Kapolei Hawaiian Home Land, HI",-666666666.0,-,-222222222.0,**,5008
5009,"Haiku Hawaiian Home Land, HI",-666666666.0,-,-222222222.0,**,5009
5011,"Hanapepe Hawaiian Home Land, HI",-666666666.0,-,-222222222.0,**,5011
5018,"Homuula-Upper Piihonua Hawaiian Home Land, HI",-666666666.0,-,-222222222.0,**,5018
5026,"Honokaia Hawaiian Home Land, HI",-666666666.0,-,-222222222.0,**,5026
5029,"Honokowai Hawaiian Home Land, HI",-666666666.0,-,-222222222.0,**,5029
5030,"Honolulu Makai Hawaiian Home Land, HI",-666666666.0,-,-222222222.0,**,5030
5031,"Honomu Hawaiian Home Land, HI",-666666666.0,-,-222222222.0,**,5031
5041,"Kahikinui Hawaiian Home Land, HI",-666666666.0,-,-222222222.0,**,5041
5044,"Kalaeloa Hawaiian Home Land, HI",-666666666.0,-,-222222222.0,**,5044
5056,"Kamaoa-Puueo Hawaiian Home Land, HI",-666666666.0,-,-222222222.0,**,5056
5069,"Kaohe-Olaa Hawaiian Home Land, HI",-666666666.0,-,-222222222.0,**,5069
5071,"Kapaa Hawaiian Home Land, HI",-666666666.0,-,-222222222.0,**,5071
5083,"Kapolei Hawaiian Home Land, HI",-666666666.0,-,-222222222.0,**,5083
5098,"Keahuolu Hawaiian Home Land, HI",-666666666.0,-,-222222222.0,**,5098
5104,"Keanae-Wailua Hawaiian Home Land, HI",-666666666.0,-,-222222222.0,**,5104
5114,"Keokea (Agricultural) Hawaiian Home Land, HI",-666666666.0,-,-222222222.0,**,5114
5116,"Keoniki Hawaiian Home Land, HI",-666666666.0,-,-222222222.0,**,5116
5123,"Kolaoa Hawaiian Home Land, HI",-666666666.0,-,-222222222.0,**,5123
5138,"Maili Hawaiian Home Land, HI",-666666666.0,-,-222222222.0,**,5138
5139,"Makaha Valley Hawaiian Home Land, HI",-666666666.0,-,-222222222.0,**,5139
5156,"Moloaa Hawaiian Home Land, HI",-666666666.0,-,-222222222.0,**,5156
5166,"Nienie Hawaiian Home Land, HI",-666666666.0,-,-222222222.0,**,5166
5181,"Pauahi Hawaiian Home Land, HI",-666666666.0,-,-222222222.0,**,5181
5196,"Ponohawaii Hawaiian Home Land, HI",-666666666.0,-,-222222222.0,**,5196
5199,"Pulehunui Hawaiian Home Land, HI",-666666666.0,-,-222222222.0,**,5199
5213,"South Maui Hawaiian Home Land, HI",-666666666.0,-,-222222222.0,**,5213
5216,"Ualapue Hawaiian Home Land, HI",-666666666.0,-,-222222222.0,**,5216
5222,"Upolu Hawaiian Home Land, HI",-666666666.0,-,-222222222.0,**,5222
5236,"Waiakea Hawaiian Home Land, HI",-666666666.0,-,-222222222.0,**,5236
5248,"Waiku-Hana Hawaiian Home Land, HI",-666666666.0,-,-222222222.0,**,5248
5251,"Wailau Hawaiian Home Land, HI",-666666666.0,-,-222222222.0,**,5251
5256,"Wailua Hawaiian Home Land, HI",-666666666.0,-,-222222222.0,**,5256
5276,"Waimanu Hawaiian Home Land, HI",-666666666.0,-,-222222222.0,**,5276
5281,"Waimea Hawaiian Home Land, HI",-666666666.0,-,-222222222.0,**,5281
5283,"Waiohinu Hawaiian Home Land, HI",-666666666.0,-,-222222222.0,**,5283
6015,"Akhiok ANVSA, AK",-666666666.0,-,-222222222.0,**,6015
6040,"Alatna ANVSA, AK",-666666666.0,-,-222222222.0,**,6040
6190,"Beaver ANVSA, AK",-666666666.0,-,-222222222.0,**,6190
6195,"Belkofski ANVSA, AK",-666666666.0,-,-222222222.0,**,6195
6225,"Bill Moore's ANVSA, AK",-666666666.0,-,-222222222.0,**,6225
6235,"Birch Creek ANVSA, AK",-666666666.0,-,-222222222.0,**,6235
6257,"Canyon Village ANVSA, AK",-666666666.0,-,-222222222.0,**,6257
6280,"Chenega ANVSA, AK",-666666666.0,-,-222222222.0,**,6280
6325,"Chistochina ANVSA, AK",-666666666.0,-,-222222222.0,**,6325
6340,"Chulloonawick ANVSA, AK",-666666666.0,-,-222222222.0,**,6340
6350,"Circle ANVSA, AK",-666666666.0,-,-222222222.0,**,6350
6380,"Council ANVSA, AK",-666666666.0,-,-222222222.0,**,6380
6455,"Ekuk ANVSA, AK",-666666666.0,-,-222222222.0,**,6455
6500,"False Pass ANVSA, AK",-666666666.0,-,-222222222.0,**,6500
6520,"Gakona ANVSA, AK",-666666666.0,-,-222222222.0,**,6520
6535,"Georgetown ANVSA, AK",-666666666.0,-,-222222222.0,**,6535
6560,"Gulkana ANVSA, AK",-666666666.0,-,-222222222.0,**,6560
6570,"Hamilton ANVSA, AK",-666666666.0,-,-222222222.0,**,6570
6575,"Healy Lake ANVSA, AK",-666666666.0,-,-222222222.0,**,6575
6650,"Ivanof Bay ANVSA, AK",-666666666.0,-,-222222222.0,**,6650
6795,"Kodiak ANVSA, AK",-666666666.0,-,-222222222.0,**,6795
6850,"Lake Minchumina ANVSA, AK",-666666666.0,-,-222222222.0,**,6850
6855,"Larsen Bay ANVSA, AK",-666666666.0,-,-222222222.0,**,6855
6860,"Lesnoi ANVSA, AK",-666666666.0,-,-222222222.0,**,6860
6875,"Lime Village ANVSA, AK",-666666666.0,-,-222222222.0,**,6875
6915,"Mary's Igloo ANVSA, AK",-666666666.0,-,-222222222.0,**,6915
6945,"Mentasta Lake ANVSA, AK",-666666666.0,-,-222222222.0,**,6945
7005,"Napaimute ANVSA, AK",-666666666.0,-,-222222222.0,**,7005
7115,"Northway ANVSA, AK",-666666666.0,-,-222222222.0,**,7115
7145,"Ohogamiut ANVSA, AK",-666666666.0,-,-222222222.0,**,7145
7175,"Oscarville ANVSA, AK",-666666666.0,-,-222222222.0,**,7175
7185,"Paimiut ANVSA, AK",-666666666.0,-,-222222222.0,**,7185
7245,"Platinum ANVSA, AK",-666666666.0,-,-222222222.0,**,7245
7260,"Portage Creek ANVSA, AK",-666666666.0,-,-222222222.0,**,7260
7300,"Rampart ANVSA, AK",-666666666.0,-,-222222222.0,**,7300
7440,"Shageluk ANVSA, AK",-666666666.0,-,-222222222.0,**,7440
7500,"Solomon ANVSA, AK",-666666666.0,-,-222222222.0,**,7500
7520,"Stevens Village ANVSA, AK",-666666666.0,-,-222222222.0,**,7520
7530,"Takotna ANVSA, AK",-666666666.0,-,-222222222.0,**,7530
7565,"Telida ANVSA, AK",-666666666.0,-,-222222222.0,**,7565
7665,"Ugashik ANVSA, AK",-666666666.0,-,-222222222.0,**,7665
8300,"Ione Band of Miwok TDSA, CA",-666666666.0,-,-222222222.0,**,8300
9100,"Golden Hill Paugussett (state) Reservation, CT",-666666666.0,-,-222222222.0,**,9100
9150,"Hassanamisco Reservation (state), MA",-666666666.0,-,-222222222.0,**,9150
9230,"Mattaponi Reservation (state), VA",-666666666.0,-,-222222222.0,**,9230
9280,"Paucatuck Eastern Pequot Reservation (state), CT",-666666666.0,-,-222222222.0,**,9280
9350,"Schaghticoke Reservation (state), CT",-666666666.0,-,-222222222.0,**,9350
9370,"Shinnecock Reservation (state), NY",-666666666.0,-,-222222222.0,**,9370
9400,"Tama Reservation (state), GA",-666666666.0,-,-222222222.0,**,9400
9967,"Waccamaw SDTSA, SC",-666666666.0,-,-222222222.0,**,9967
4255,"Torres-Martinez Reservation, CA",17006.0,,2581.0,,4255
9850,"Ramapough (state) SDTSA, NJ",95000.0,,12590.0,,9850
7650,"Twin Hills ANVSA, AK",30625.0,,15194.0,,7650
9560,"Cherokee Tribe of Northeast Alabama (state) SDTSA, AL",41241.0,,2038.0,,9560
5820,"Sac and Fox OTSA, OK",45359.0,,1266.0,,5820
2070,"Lummi Reservation, WA",53509.0,,3869.0,,2070
9825,"Meherrin (state) SDTSA, NC",31405.0,,1702.0,,9825
3480,"Santa Ana Pueblo, NM",42750.0,,9085.0,,3480
4075,"Swinomish Reservation and Off-Reservation Trust Land, WA",64156.0,,2517.0,,4075
4595,"White Earth Reservation and Off-Reservation Trust Land, MN",43638.0,,2043.0,,4595
5950,"Kaw/Ponca joint-use OTSA, OK",44992.0,,2305.0,,5950
6255,"Cantwell ANVSA, AK",59750.0,,27030.0,,6255
1160,"Fort Berthold Reservation, ND",66650.0,,5313.0,,1160
2430,"Navajo Nation Reservation and Off-Reservation Trust Land, AZ--NM--UT",27361.0,,651.0,,2430
3165,"Rincon Reservation and Off-Reservation Trust Land, CA",66250.0,,14112.0,,3165
2715,"Pauma and Yuima Reservation, CA",91250.0,,18811.0,,2715
3525,"Santa Rosa Reservation, CA",28750.0,,12821.0,,3525
7025,"Nelson Lagoon ANVSA, AK",80000.0,,12364.0,,7025
7560,"Tazlina ANVSA, AK",65625.0,,13640.0,,7560
2400,"Nambe Pueblo and Off-Reservation Trust Land, NM",43958.0,,5577.0,,2400
4635,"Winnemucca Indian Colony, NV",15536.0,,4239.0,,4635
6070,"Allakaket ANVSA, AK",24375.0,,4235.0,,6070
0185,"Benton Paiute Reservation and Off-Reservation Trust Land, CA",37500.0,,4668.0,,0185
2510,"Ohkay Owingeh, NM",,,,,2510
5860,"Tonkawa OTSA, OK",45919.0,,3685.0,,5860
2340,"Mooretown Rancheria and Off-Reservation Trust Land, CA",37500.0,,11908.0,,2340
5241,"Waiehu Hawaiian Home Land, HI",89583.0,,14611.0,,5241
7205,"Pedro Bay ANVSA, AK",52917.0,,12204.0,,7205
0265,"Big Sandy Rancheria and Off-Reservation Trust Land, CA",43750.0,,21937.0,,0265
9745,"Haliwa-Saponi (state) SDTSA, NC",33906.0,,4245.0,,9745
9970,"Waccamaw Siouan (state) SDTSA, NC",51161.0,,6406.0,,9970
6075,"Ambler ANVSA, AK",43214.0,,5902.0,,6075
6025,"Akiak ANVSA, AK",47917.0,,10392.0,,6025
6895,"McGrath ANVSA, AK",51875.0,,7332.0,,6895
7410,"Sand Point ANVSA, AK",69063.0,,4452.0,,7410
2625,"Paiute (UT) Reservation, UT",36534.0,,2058.0,,2625
0585,"Chemehuevi Reservation, CA",29821.0,,6032.0,,0585
1235,"Fort Mojave Reservation and Off-Reservation Trust Land, AZ--CA--NV",38177.0,,3884.0,,1235
1735,"Kalispel Reservation and Off-Reservation Trust Land, WA",39375.0,,31797.0,,1735
9580,"Chickahominy (state) SDTSA, VA",60000.0,,2514.0,,9580
7740,"Wales ANVSA, AK",35000.0,,17345.0,,7740
1220,"Fort McDowell Yavapai Nation Reservation, AZ",52574.0,,4838.0,,1220
2055,"Lower Sioux Indian Community, MN",50000.0,,8712.0,,2055
7180,"Ouzinkie ANVSA, AK",39375.0,,15368.0,,7180
6300,"Chignik Lagoon ANVSA, AK",71250.0,,37721.0,,6300
6275,"Chefornak ANVSA, AK",53750.0,,11115.0,,6275
7400,"Salamatof ANVSA, AK",57679.0,,9290.0,,7400
3235,"Rosebud Indian Reservation and Off-Reservation Trust Land, SD",22587.0,,3052.0,,3235
0170,"Bay Mills Reservation and Off-Reservation Trust Land, MI",46818.0,,7860.0,,0170
2785,"Picuris Pueblo, NM",32102.0,,3245.0,,2785
5148,"Maluohai Hawaiian Home Land, HI",97083.0,,15338.0,,5148
2115,"Manzanita Reservation and Off-Reservation Trust Land, CA",50000.0,,27061.0,,2115
2300,"Mississippi Choctaw Reservation, MS",33302.0,,4254.0,,2300
4225,"Tonawanda Reservation, NY",44338.0,,13818.0,,4225
7540,"Tanana ANVSA, AK",40000.0,,8951.0,,7540
7655,"Tyonek ANVSA, AK",38750.0,,6218.0,,7655
5176,"Panaewa (Agricultural) Hawaiian Home Land, HI",55313.0,,22122.0,,5176
7035,"Newhalen ANVSA, AK",37083.0,,12257.0,,7035
1450,"Ho-Chunk Nation Reservation and Off-Reservation Trust Land, WI--MN",42321.0,,6466.0,,1450
1970,"Lone Pine Reservation, CA",31250.0,,12069.0,,1970
6140,"Arctic Village ANVSA, AK",29688.0,,15863.0,,6140
7133,"Nunam Iqua ANVSA, AK",31250.0,,5668.0,,7133
0010,"Acoma Pueblo and Off-Reservation Trust Land, NM",42813.0,,5227.0,,0010
7505,"South Naknek ANVSA, AK",38750.0,,30761.0,,7505
4360,"Tuscarora Nation Reservation, NY",31071.0,,10036.0,,4360
5540,"Caddo-Wichita-Delaware OTSA, OK",52479.0,,2187.0,,5540
7535,"Tanacross ANVSA, AK",26250.0,,12470.0,,7535
9675,"Eastern Chickahominy (state) SDTSA, VA",77000.0,,20243.0,,9675
6900,"Manley Hot Springs ANVSA, AK",61250.0,,34659.0,,6900
7510,"Stebbins ANVSA, AK",38000.0,,6695.0,,7510
9300,"Poospatuck Reservation (state), NY",34423.0,,11576.0,,9300
0325,"Blue Lake Rancheria and Off-Reservation Trust Land, CA",58750.0,,23362.0,,0325
2495,"North Fork Rancheria and Off-Reservation Trust Land, CA",28333.0,,4986.0,,2495
6335,"Chuathbaluk ANVSA, AK",38750.0,,8840.0,,6335
7085,"Noatak ANVSA, AK",53333.0,,16635.0,,7085
7075,"Nikolski ANVSA, AK",36250.0,,9176.0,,7075
6525,"Galena ANVSA, AK",67813.0,,10526.0,,6525
3495,"Santa Clara Pueblo and Off-Reservation Trust Land, NM",,,,,3495
3540,"Santa Ynez Reservation, CA",54167.0,,37859.0,,3540
5580,"Chickasaw OTSA, OK",50317.0,,799.0,,5580
1545,"Hualapai Indian Reservation and Off-Reservation Trust Land, AZ",36071.0,,5465.0,,1545
2320,"Mohegan Reservation and Off-Reservation Trust Land, CT",80000.0,,65786.0,,2320
1070,"Fallon Paiute-Shoshone Colony and Off-Reservation Trust Land, NV",24375.0,,19102.0,,1070
5067,"Kanehili Hawaiian Home Land, HI",94653.0,,22823.0,,5067
5730,"Miami OTSA, OK",52917.0,,14219.0,,5730
3635,"Sault Sainte Marie Reservation and Off-Reservation Trust Land, MI",21321.0,,2112.0,,3635
6905,"Manokotak ANVSA, AK",39886.0,,4630.0,,6905
6045,"Aleknagik ANVSA, AK",53750.0,,21073.0,,6045
1720,"Kaibab Indian Reservation, AZ",33438.0,,6994.0,,1720
6310,"Chilkat ANVSA, AK",40833.0,,15844.0,,6310
6825,"Koyuk ANVSA, AK",36786.0,,2777.0,,6825
0165,"Battle Mountain Reservation and Off-Reservation Trust Land, NV",41000.0,,24543.0,,0165
1140,"Fort Apache Reservation, AZ",28887.0,,3235.0,,1140
3030,"Quileute Reservation, WA",43125.0,,19468.0,,3030
0965,"Duck Valley Reservation, NV--ID",35750.0,,4937.0,,0965
5223,"Waiahole Hawaiian Home Land, HI",124375.0,,29393.0,,5223
6020,"Akiachak ANVSA, AK",38438.0,,14043.0,,6020
7475,"Sitka ANVSA, AK",64355.0,,4342.0,,7475
1825,"Lac du Flambeau Reservation, WI",37287.0,,4992.0,,1825
9950,"United Cherokee Ani-Yun-Wiya Nation SDTSA, AL",42353.0,,2229.0,,9950
4580,"Wells Colony, NV",49250.0,,13087.0,,4580
4545,"Warm Springs Reservation and Off-Reservation Trust Land, OR",43250.0,,6335.0,,4545
7235,"Pitkas Point ANVSA, AK",43750.0,,18927.0,,7235
0815,"Cow Creek Reservation and Off-Reservation Trust Land, OR",38750.0,,12862.0,,0815
1550,"Huron Potawatomi Reservation and Off-Reservation Trust Land, MI",39167.0,,28980.0,,1550
2360,"Morongo Reservation and Off-Reservation Trust Land, CA",60801.0,,20523.0,,2360
5004,"Anahola (Residential) Hawaiian Home Land, HI",66538.0,,11016.0,,5004
6830,"Koyukuk ANVSA, AK",16500.0,,5346.0,,6830
5106,"Keaukaha Hawaiian Home Land, HI",52625.0,,5884.0,,5106
6385,"Craig ANVSA, AK",65729.0,,4135.0,,6385
1940,"Leech Lake Reservation and Off-Reservation Trust Land, MN",45639.0,,1596.0,,1940
9720,"Four Winds Cherokee (state) SDTSA, LA",47595.0,,2126.0,,9720
3780,"Shoalwater Bay Indian Reservation and Off-Reservation Trust Land, WA",51250.0,,28168.0,,3780
5133,"Lalamilo Hawaiian Home Land, HI",61875.0,,25263.0,,5133
7310,"Ruby ANVSA, AK",29250.0,,15703.0,,7310
7695,"Unalaska ANVSA, AK",92273.0,,4504.0,,7695
1963,"Little Traverse Bay Reservation and Off-Reservation Trust Land, MI",34167.0,,13776.0,,1963
2375,"Muckleshoot Reservation and Off-Reservation Trust Land, WA",51691.0,,2676.0,,2375
3795,"Siletz Reservation and Off-Reservation Trust Land, OR",33068.0,,7721.0,,3795
3285,"Sac and Fox Nation Reservation and Off-Reservation Trust Land, NE--KS",45000.0,,11016.0,,3285
0990,"Eastern Cherokee Reservation, NC",36627.0,,4483.0,,0990
6460,"Ekwok ANVSA, AK",31875.0,,6671.0,,6460
9630,"Clifton Choctaw (state) SDTSA, LA",41250.0,,11294.0,,9630
6265,"Chalkyitsik ANVSA, AK",25313.0,,9698.0,,6265
6540,"Golovin ANVSA, AK",55313.0,,15826.0,,6540
2865,"Poarch Creek Reservation and Off-Reservation Trust Land, AL--FL",21250.0,,7047.0,,2865
6290,"Chickaloon ANVSA, AK",76638.0,,2372.0,,6290
7645,"Tununak ANVSA, AK",34750.0,,9460.0,,7645
1830,"Lac Vieux Desert Reservation, MI",26563.0,,7146.0,,1830
5003,"Anahola (Agricultural) Hawaiian Home Land, HI",51875.0,,15199.0,,5003
6690,"Kaltag ANVSA, AK",31250.0,,20229.0,,6690
5600,"Citizen Potawatomi Nation-Absentee Shawnee OTSA, OK",63005.0,,1280.0,,5600
5550,"Cherokee OTSA, OK",46141.0,,545.0,,5550
6550,"Grayling ANVSA, AK",28125.0,,19922.0,,6550
2680,"Pascua Pueblo Yaqui Reservation and Off-Reservation Trust Land, AZ",30451.0,,4316.0,,2680
2850,"Pleasant Point Reservation, ME",28854.0,,6143.0,,2850
5780,"Pawnee OTSA, OK",47238.0,,2341.0,,5780
3520,"Santa Rosa Rancheria, CA",53393.0,,9553.0,,3520
5066,"Kamoku-Kapulena Hawaiian Home Land, HI",76250.0,,64574.0,,5066
5177,"Panaewa (Residential) Hawaiian Home Land, HI",45521.0,,7599.0,,5177
1395,"Grindstone Indian Rancheria, CA",17500.0,,10653.0,,1395
6400,"Deering ANVSA, AK",41667.0,,6610.0,,6400
0750,"Colusa Rancheria, CA",42500.0,,38985.0,,0750
5120,"Kewalo Hawaiian Home Land, HI",139375.0,,42794.0,,5120
5760,"Otoe-Missouria OTSA, OK",51625.0,,1861.0,,5760
1610,"Isabella Reservation, MI",52117.0,,1940.0,,1610
5198,"Princess Kahanu Estates Hawaiian Home Land, HI",98500.0,,11149.0,,5198
6815,"Kotlik ANVSA, AK",38750.0,,13710.0,,6815
6285,"Chevak ANVSA, AK",38250.0,,12895.0,,6285
0155,"Barona Reservation and Off-Reservation Trust Land, CA",128333.0,,35651.0,,0155
3980,"Stewart Community, NV",48125.0,,12492.0,,3980
6450,"Eklutna ANVSA, AK",16563.0,,9265.0,,6450
7010,"Napakiak ANVSA, AK",26786.0,,2883.0,,7010
5061,"Kamiloloa-Makakupaia Hawaiian Home Land, HI",36250.0,,8576.0,,5061
4610,"Wind River Reservation and Off-Reservation Trust Land, WY",52937.0,,3306.0,,4610
6810,"Kongiganak ANVSA, AK",45500.0,,5559.0,,6810
1410,"Hannahville Indian Community and Off-Reservation Trust Land, MI",32411.0,,9416.0,,1410
1860,"Lake Traverse Reservation and Off-Reservation Trust Land, SD--ND",48116.0,,3574.0,,1860
2040,"Lower Elwha Reservation and Off-Reservation Trust Land, WA",32404.0,,8640.0,,2040
9260,"Pamunkey Reservation (state), VA",39375.0,,24944.0,,9260
5134,"Lanai City Hawaiian Home Land, HI",127361.0,,51443.0,,5134
4090,"Sycuan Reservation and Off-Reservation Trust Land, CA",109375.0,,36936.0,,4090
4725,"Yerington Colony, NV",21667.0,,13627.0,,4725
1355,"Grand Portage Reservation and Off-Reservation Trust Land, MN",43333.0,,9686.0,,1355
7050,"New Stuyahok ANVSA, AK",38929.0,,7941.0,,7050
2475,"Nooksack Reservation and Off-Reservation Trust Land, WA",44554.0,,9252.0,,2475
3220,"Rohnerville Rancheria, CA",34583.0,,16990.0,,3220
3305,"Saint Croix Reservation and Off-Reservation Trust Land, WI",36719.0,,8847.0,,3305
7485,"Skagway ANVSA, AK",72237.0,,5731.0,,7485
1280,"Fort Yuma Indian Reservation, CA--AZ",27188.0,,8020.0,,1280
9515,"Apache Choctaw (state) SDTSA, LA",31859.0,,2276.0,,9515
9820,"MaChis Lower Creek (state) SDTSA, AL",46581.0,,2204.0,,9820
0605,"Cheyenne River Reservation and Off-Reservation Trust Land, SD",41417.0,,2616.0,,0605
5135,"Leialii Hawaiian Home Land, HI",105500.0,,16007.0,,5135
5795,"Peoria OTSA, OK",46138.0,,2346.0,,5795
6750,"Kipnuk ANVSA, AK",36250.0,,4384.0,,6750
9525,"Beaver Creek SDTSA, SC",31250.0,,4290.0,,9525
2810,"Pine Ridge Reservation, SD--NE",34380.0,,2806.0,,2810
7100,"Nondalton ANVSA, AK",39167.0,,9597.0,,7100
3400,"San Felipe Pueblo, NM",49286.0,,16093.0,,3400
4690,"Yakama Nation Reservation and Off-Reservation Trust Land, WA",45041.0,,1821.0,,4690
6595,"Hooper Bay ANVSA, AK",31528.0,,7984.0,,6595
7420,"Saxman ANVSA, AK",42083.0,,11065.0,,7420
7450,"Shaktoolik ANVSA, AK",57188.0,,11596.0,,7450
1895,"La Posta Indian Reservation, CA",43750.0,,22401.0,,1895
9865,"Sappony SDTSA, NC",50000.0,,5226.0,,9865
2745,"Pechanga Reservation, CA",70625.0,,22090.0,,2745
5810,"Quapaw OTSA, OK",37679.0,,2138.0,,5810
6240,"Brevig Mission ANVSA, AK",40000.0,,13058.0,,6240
6530,"Gambell ANVSA, AK",37917.0,,8777.0,,6530
6610,"Huslia ANVSA, AK",39688.0,,6554.0,,6610
6800,"Kokhanok ANVSA, AK",32917.0,,11068.0,,6800
0825,"Coyote Valley Reservation, CA",45536.0,,10807.0,,0825
1310,"Gila River Indian Reservation, AZ",19104.0,,4257.0,,1310
4470,"Ute Mountain Reservation and Off-Reservation Trust Land, CO--NM--UT",23906.0,,4957.0,,4470
5286,"Waiohuli (Residential) Hawaiian Home Land, HI",82500.0,,13415.0,,5286
7570,"Teller ANVSA, AK",27083.0,,7634.0,,7570
3550,"Santa Ysabel Reservation, CA",28542.0,,7047.0,,3550
6165,"Atqasuk ANVSA, AK",83125.0,,51802.0,,6165
0140,"Bad River Reservation, WI",45278.0,,5131.0,,0140
6330,"Chitina ANVSA, AK",40313.0,,24518.0,,6330
5053,"Kalawahine Hawaiian Home Land, HI",122188.0,,15783.0,,5053
5186,"Paukukalo Hawaiian Home Land, HI",79750.0,,28532.0,,5186
7555,"Tatitlek ANVSA, AK",75833.0,,22017.0,,7555
3100,"Red Lake Reservation, MN",35919.0,,3062.0,,3100
5800,"Ponca OTSA, OK",42667.0,,4422.0,,5800
2085,"Makah Indian Reservation, WA",40000.0,,5327.0,,2085
7215,"Perryville ANVSA, AK",33750.0,,12504.0,,7215
7745,"White Mountain ANVSA, AK",51875.0,,24259.0,,7745
1590,"Iowa (KS-NE) Reservation and Off-Reservation Trust Land, KS--NE",44375.0,,11050.0,,1590
6390,"Crooked Creek ANVSA, AK",35625.0,,28142.0,,6390
2980,"Prairie Band of Potawatomi Nation Reservation, KS",59306.0,,6528.0,,2980
4275,"Trinidad Rancheria and Off-Reservation Trust Land, CA",31964.0,,9994.0,,4275
5620,"Creek OTSA, OK",53693.0,,404.0,,5620
0695,"Cocopah Reservation, AZ",32171.0,,4721.0,,0695
2175,"Menominee Reservation, WI",37188.0,,7741.0,,2175
5239,"Waianae Kai Hawaiian Home Land, HI",70313.0,,17678.0,,5239
6765,"Klawock ANVSA, AK",47875.0,,7031.0,,6765
3970,"Standing Rock Reservation, SD--ND",37527.0,,2408.0,,3970
6095,"Andreafsky ANVSA, AK",50625.0,,13941.0,,6095
6065,"Algaaciq ANVSA, AK",39167.0,,9011.0,,6065
6440,"Eek ANVSA, AK",38750.0,,12764.0,,6440
2890,"Pokagon Reservation and Off-Reservation Trust Land, MI",32188.0,,21859.0,,2890
5670,"Iowa OTSA, OK",51179.0,,2559.0,,5670
1785,"Klamath Reservation, OR",9583.0,,4112.0,,1785
7630,"Tuluksak ANVSA, AK",27679.0,,3953.0,,7630
7735,"Wainwright ANVSA, AK",66563.0,,15531.0,,7735
3250,"Round Valley Reservation and Off-Reservation Trust Land, CA",39091.0,,4287.0,,3250
5051,"Kalaupapa Hawaiian Home Land, HI",61875.0,,14875.0,,5051
6965,"Minto ANVSA, AK",35625.0,,12095.0,,6965
0575,"Chehalis Reservation and Off-Reservation Trust Land, WA",56875.0,,31079.0,,0575
6585,"Holy Cross ANVSA, AK",34375.0,,12297.0,,6585
0735,"Colorado River Indian Reservation, AZ--CA",36837.0,,3051.0,,0735
0940,"Dresslerville Colony, NV",20469.0,,4843.0,,0940
3320,"Saint Regis Mohawk Reservation, NY",42238.0,,11250.0,,3320
5086,"Kaumana Hawaiian Home Land, HI",71667.0,,18033.0,,5086
6150,"Atka ANVSA, AK",51875.0,,31899.0,,6150
6935,"Mekoryuk ANVSA, AK",30000.0,,6531.0,,6935
9838,"Occaneechi-Saponi SDTSA, NC",57945.0,,3534.0,,9838
7055,"Newtok ANVSA, AK",36042.0,,8594.0,,7055
4530,"Wampanoag-Aquinnah Trust Land, MA",36875.0,,22059.0,,4530
6785,"Knik ANVSA, AK",75784.0,,2221.0,,6785
4170,"Tesuque Pueblo and Off-Reservation Trust Land, NM",37500.0,,6389.0,,4170
4330,"Tuolumne Rancheria, CA",73250.0,,22477.0,,4330
5076,"Kapaakea Hawaiian Home Land, HI",36250.0,,11071.0,,5076
5590,"Choctaw OTSA, OK",39941.0,,632.0,,5590
7525,"Stony River ANVSA, AK",50000.0,,19970.0,,7525
1925,"Laytonville Rancheria, CA",34821.0,,16216.0,,1925
4515,"Walker River Reservation, NV",25450.0,,4237.0,,4515
5970,"Miami/Peoria joint-use OTSA, OK",32823.0,,4358.0,,5970
6605,"Hughes ANVSA, AK",32917.0,,7756.0,,6605
0050,"Alabama-Coushatta Reservation and Off-Reservation Trust Land, TX",39063.0,,11627.0,,0050
3355,"San Carlos Reservation, AZ",31946.0,,3866.0,,3355
7250,"Point Hope ANVSA, AK",64000.0,,6282.0,,7250
0400,"Burns Paiute Indian Colony and Off-Reservation Trust Land, OR",25000.0,,10351.0,,0400
3020,"Quartz Valley Reservation and Off-Reservation Trust Land, CA",39250.0,,5655.0,,3020
4500,"Viejas Reservation and Off-Reservation Trust Land, CA",88000.0,,38770.0,,4500
5201,"Puukapu Hawaiian Home Land, HI",68925.0,,2479.0,,5201
0350,"Bridgeport Reservation and Off-Reservation Trust Land, CA",35000.0,,27973.0,,0350
0450,"Campo Indian Reservation, CA",31250.0,,20558.0,,0450
1340,"Goshute Reservation, NV--UT",37500.0,,10044.0,,1340
1110,"Flathead Reservation, MT",42154.0,,2613.0,,1110
1880,"L'Anse Reservation and Off-Reservation Trust Land, MI",41250.0,,3944.0,,1880
1815,"Lac Courte Oreilles Reservation and Off-Reservation Trust Land, WI",27619.0,,4374.0,,1815
3870,"Soboba Reservation and Off-Reservation Trust Land, CA",70417.0,,29719.0,,3870
5238,"Waianae Hawaiian Home Land, HI",79306.0,,5833.0,,5238
6835,"Kwethluk ANVSA, AK",42917.0,,5141.0,,6835
1195,"Fort Independence Reservation, CA",47188.0,,20033.0,,1195
9815,"Lumbee (state) SDTSA, NC",41910.0,,568.0,,9815
6725,"Ketchikan ANVSA, AK",70559.0,,3576.0,,6725
0250,"Big Pine Reservation and Off-Reservation Trust Land, CA",39000.0,,7582.0,,0250
2130,"Maricopa (Ak Chin) Indian Reservation and Off-Reservation Trust Land, AZ",22344.0,,7437.0,,2130
3415,"San Ildefonso Pueblo and Off-Reservation Trust Land, NM",50341.0,,5232.0,,3415
3750,"Shingle Springs Rancheria and Off-Reservation Trust Land, CA",84500.0,,38990.0,,3750
0435,"Cahuilla Reservation, CA",32083.0,,18465.0,,0435
6820,"Kotzebue ANVSA, AK",84559.0,,12367.0,,6820
4760,"Yurok Reservation, CA",31528.0,,6102.0,,4760
6405,"Dillingham ANVSA, AK",74250.0,,5604.0,,6405
5111,"Kekaha Hawaiian Home Land, HI",69063.0,,28862.0,,5111
1370,"Grand Traverse Reservation and Off-Reservation Trust Land, MI",34896.0,,9616.0,,1370
6295,"Chignik ANVSA, AK",44750.0,,16593.0,,6295
0540,"Cattaraugus Reservation, NY",32109.0,,6278.0,,0540
1040,"Ely Reservation, NV",35000.0,,16512.0,,1040
1770,"Kickapoo (KS) Reservation, KS",45887.0,,3227.0,,1770
7130,"Nulato ANVSA, AK",42321.0,,4937.0,,7130
5835,"Seneca-Cayuga OTSA, OK",38525.0,,2468.0,,5835
1010,"Elk Valley Rancheria and Off-Reservation Trust Land, CA",46250.0,,13822.0,,1010
2560,"Oneida (WI) Reservation and Off-Reservation Trust Land, WI",70960.0,,5618.0,,2560
4300,"Tule River Reservation and Off-Reservation Trust Land, CA",32222.0,,7450.0,,4300
4700,"Yankton Reservation, SD",43750.0,,2891.0,,4700
3115,"Redwood Valley Rancheria, CA",42321.0,,12164.0,,3115
8100,"Cayuga Nation TDSA, NY",60817.0,,4310.0,,8100
0020,"Agua Caliente Indian Reservation and Off-Reservation Trust Land, CA",53863.0,,1435.0,,0020
6515,"Fort Yukon ANVSA, AK",38125.0,,18782.0,,6515
6480,"Emmonak ANVSA, AK",40938.0,,3018.0,,6480
6205,"Bethel ANVSA, AK",89000.0,,12029.0,,6205
6160,"Atmautluak ANVSA, AK",21875.0,,17898.0,,6160
6625,"Iliamna ANVSA, AK",106250.0,,47506.0,,6625
6705,"Kasaan ANVSA, AK",45000.0,,26118.0,,6705
7020,"Napaskiak ANVSA, AK",33125.0,,5659.0,,7020
7225,"Pilot Point ANVSA, AK",46875.0,,12619.0,,7225
0845,"Crow Reservation and Off-Reservation Trust Land, MT",47454.0,,6945.0,,0845
2190,"Mesa Grande Reservation, CA",23750.0,,15876.0,,2190
7110,"Noorvik ANVSA, AK",48125.0,,15582.0,,7110
9240,"MOWA Choctaw Reservation (state), AL",18333.0,,8152.0,,9240
6685,"Kalskag ANVSA, AK",33125.0,,11861.0,,6685
8450,"Mechoopda TDSA, CA",48681.0,,5368.0,,8450
6420,"Douglas ANVSA, AK",88872.0,,5901.0,,6420
6990,"Naknek ANVSA, AK",74167.0,,12780.0,,6990
5161,"Nanakuli Hawaiian Home Land, HI",80500.0,,10931.0,,5161
4560,"Washoe Ranches Trust Land, NV--CA",50951.0,,2940.0,,4560
1490,"Hoopa Valley Reservation, CA",36830.0,,8722.0,,1490
1530,"Houlton Maliseet Reservation and Off-Reservation Trust Land, ME",21364.0,,4084.0,,1530
1655,"Jamestown S'Klallam Reservation and Off-Reservation Trust Land, WA",41875.0,,35217.0,,1655
3625,"Sauk-Suiattle Reservation, WA",58750.0,,34174.0,,3625
5700,"Kickapoo OTSA, OK",45077.0,,2076.0,,5700
6470,"Elim ANVSA, AK",43438.0,,11726.0,,6470
6865,"Levelock ANVSA, AK",23958.0,,3460.0,,6865
5193,"Piihonua Hawaiian Home Land, HI",68750.0,,15163.0,,5193
6360,"Clarks Point ANVSA, AK",18750.0,,11638.0,,6360
6790,"Kobuk ANVSA, AK",53750.0,,16999.0,,6790
3565,"Santee Reservation, NE",41146.0,,3784.0,,3565
7095,"Nome ANVSA, AK",81224.0,,2919.0,,7095
7725,"Venetie ANVSA, AK",39375.0,,34725.0,,7725
0335,"Bois Forte Reservation and Off-Reservation Trust Land, MN",44167.0,,20450.0,,0335
4015,"Stockbridge Munsee Community and Off-Reservation Trust Land, WI",37143.0,,5775.0,,4015
2925,"Port Madison Reservation, WA",67331.0,,2962.0,,2925
3585,"Santo Domingo Pueblo, NM",33233.0,,2821.0,,3585
7040,"New Koliganek ANVSA, AK",52500.0,,23982.0,,7040
4708,"Yavapai-Apache Nation Reservation, AZ",32174.0,,7431.0,,4708
1750,"Karuk Reservation and Off-Reservation Trust Land, CA",21250.0,,9337.0,,1750
1915,"Las Vegas Indian Colony, NV",53462.0,,17139.0,,1915
4315,"Tunica-Biloxi Reservation and Off-Reservation Trust Land, LA",45625.0,,15949.0,,4315
5136,"Lualualei Hawaiian Home Land, HI",108750.0,,95900.0,,5136
6430,"Eagle ANVSA, AK",39583.0,,32311.0,,6430
7275,"Port Lions ANVSA, AK",42917.0,,21294.0,,7275
2445,"Nez Perce Reservation, ID",42123.0,,1382.0,,2445
7340,"St. George ANVSA, AK",56875.0,,18811.0,,7340
0115,"Aroostook Band of Micmac Trust Land, ME",16563.0,,4971.0,,0115
3460,"San Pasqual Reservation, CA",53750.0,,12872.0,,3460
7065,"Nightmute ANVSA, AK",46875.0,,9878.0,,7065
2460,"Nisqually Reservation, WA",59167.0,,12333.0,,2460
9680,"Echota Cherokee (state) SDTSA, AL",59747.0,,4548.0,,9680
6545,"Goodnews Bay ANVSA, AK",35000.0,,18978.0,,6545
6975,"Mountain Village ANVSA, AK",33542.0,,4011.0,,6975
5046,"Kalamaula Hawaiian Home Land, HI",62578.0,,12866.0,,5046
0275,"Big Valley Rancheria, CA",34250.0,,20435.0,,0275
3195,"Robinson Rancheria and Off-Reservation Trust Land, CA",27500.0,,13704.0,,3195
7270,"Port Heiden ANVSA, AK",51250.0,,28386.0,,7270
4445,"Upper Sioux Community and Off-Reservation Trust Land, MN",49375.0,,10742.0,,4445
6620,"Igiugig ANVSA, AK",53125.0,,14631.0,,6620
1960,"Little River Reservation and Off-Reservation Trust Land, MI",23250.0,,8437.0,,1960
7305,"Red Devil ANVSA, AK",75833.0,,54223.0,,7305
3825,"Skokomish Reservation, WA",47292.0,,5218.0,,3825
6735,"King Cove ANVSA, AK",75000.0,,5547.0,,6735
7125,"Nuiqsut ANVSA, AK",80000.0,,20648.0,,7125
0290,"Bishop Reservation, CA",43281.0,,5051.0,,0290
0225,"Big Cypress Reservation, FL",74792.0,,55352.0,,0225
1775,"Kickapoo (TX) Reservation and Off-Reservation Trust Land, TX",24000.0,,8455.0,,1775
4060,"Susanville Indian Rancheria and Off-Reservation Trust Land, CA",34375.0,,4115.0,,4060
4290,"Tulalip Reservation and Off-Reservation Trust Land, WA",78733.0,,3933.0,,4290
1505,"Hopi Reservation and Off-Reservation Trust Land, AZ",37532.0,,4406.0,,1505
1555,"Immokalee Reservation, FL",54375.0,,20538.0,,1555
3085,"Red Cliff Reservation and Off-Reservation Trust Land, WI",50268.0,,8395.0,,3085
4755,"Ysleta del Sur Pueblo and Off-Reservation Trust Land, TX",35288.0,,11254.0,,4755
1125,"Fond du Lac Reservation and Off-Reservation Trust Land, MN--WI",54375.0,,3223.0,,1125
1365,"Grand Ronde Community, OR",37500.0,,8580.0,,1365
9880,"Star Muskogee Creek (state) SDTSA, AL",35518.0,,2253.0,,9880
4140,"Taos Pueblo and Off-Reservation Trust Land, NM",32232.0,,3230.0,,4140
9830,"Nanticoke Indian Tribe (state) SDTSA, DE",68990.0,,3042.0,,9830
5179,"Papakolea Hawaiian Home Land, HI",108214.0,,9798.0,,5179
6250,"Buckland ANVSA, AK",41591.0,,5342.0,,6250
6415,"Dot Lake ANVSA, AK",31875.0,,17876.0,,6415
0680,"Pueblo de Cochiti, NM",46000.0,,8744.0,,0680
7375,"St. Michael ANVSA, AK",42917.0,,4457.0,,7375
6305,"Chignik Lake ANVSA, AK",32083.0,,5902.0,,6305
7580,"Tetlin ANVSA, AK",21250.0,,14717.0,,7580
7435,"Seldovia ANVSA, AK",64286.0,,8316.0,,7435
6700,"Karluk ANVSA, AK",19500.0,,18282.0,,6700
0415,"Cabazon Reservation, CA",24250.0,,7229.0,,0415
6030,"Akutan ANVSA, AK",30313.0,,8609.0,,6030
6755,"Kivalina ANVSA, AK",51250.0,,19437.0,,6755
2030,"Lower Brule Reservation and Off-Reservation Trust Land, SD",33250.0,,3300.0,,2030
3000,"Puyallup Reservation and Off-Reservation Trust Land, WA",73079.0,,1931.0,,3000
0855,"Crow Creek Reservation, SD",34048.0,,4365.0,,0855
1515,"Hopland Rancheria, CA",36250.0,,15772.0,,1515
2490,"Northern Cheyenne Indian Reservation and Off-Reservation Trust Land, MT--SD",46300.0,,4694.0,,2490
9635,"Coharie (state) SDTSA, NC",40310.0,,1271.0,,9635
5091,"Kawaihae Hawaiian Home Land, HI",78750.0,,14488.0,,5091
1840,"Laguna Pueblo and Off-Reservation Trust Land, NM",35219.0,,5483.0,,1840
2550,"Omaha Reservation, NE--IA",50952.0,,3474.0,,2550
3885,"Sokaogon Chippewa Community, WI",22000.0,,4623.0,,3885
4770,"Zia Pueblo and Off-Reservation Trust Land, NM",41607.0,,4475.0,,4770
5188,"Pearl City Hawaiian Home Land, HI",88750.0,,30736.0,,5188
6680,"Kaktovik ANVSA, AK",57188.0,,11424.0,,6680
1005,"Elko Colony, NV",33977.0,,12247.0,,1005
4455,"Upper Skagit Reservation and Off-Reservation Trust Land, WA",34188.0,,7168.0,,4455
6365,"Copper Center ANVSA, AK",51528.0,,22150.0,,6365
2205,"Mescalero Reservation, NM",33796.0,,5414.0,,2205
5955,"Kiowa-Comanche-Apache-Ft Sill Apache/Caddo-Wichita-Delaware joint-use OTSA, OK",36538.0,,3140.0,,5955
5770,"Ottawa OTSA, OK",31753.0,,1414.0,,5770
3205,"Rocky Boy's Reservation and Off-Reservation Trust Land, MT",28897.0,,3285.0,,3205
5271,"Waimanalo Hawaiian Home Land, HI",74688.0,,8477.0,,5271
9975,"Wassamasaw SDTSA, SC",51552.0,,4657.0,,9975
6740,"King Salmon ANVSA, AK",97708.0,,22904.0,,6740
0775,"Coquille Reservation, OR",29519.0,,6103.0,,0775
7470,"Shungnak ANVSA, AK",38333.0,,17362.0,,7470
1150,"Fort Belknap Reservation and Off-Reservation Trust Land, MT",30875.0,,7901.0,,1150
6035,"Alakanuk ANVSA, AK",36250.0,,14452.0,,6035
6490,"Evansville ANVSA, AK",85625.0,,71988.0,,6490
6315,"Chilkoot ANVSA, AK",43646.0,,5202.0,,6315
7220,"Petersburg ANVSA, AK",69545.0,,7429.0,,7220
3940,"Spokane Reservation and Off-Reservation Trust Land, WA",32500.0,,5690.0,,3940
3955,"Squaxin Island Reservation and Off-Reservation Trust Land, WA",41563.0,,11959.0,,3955
0795,"Coushatta Reservation and Off-Reservation Trust Land, LA",28750.0,,12721.0,,0795
1685,"Jemez Pueblo, NM",37500.0,,7686.0,,1685
9963,"Upper South Carolina Pee Dee SDTSA, SC",32232.0,,6551.0,,9963
2910,"Port Gamble Reservation and Off-Reservation Trust Land, WA",38571.0,,4695.0,,2910
3680,"Shakopee Mdewakanton Sioux Community and Off-Reservation Trust Land, MN",97679.0,,73894.0,,3680
0525,"Catawba Reservation, SC",34617.0,,2580.0,,0525
1100,"Flandreau Reservation, SD",38333.0,,6686.0,,1100
5101,"Kealakehe Hawaiian Home Land, HI",73565.0,,9698.0,,5101
1575,"Indian Township Reservation, ME",25688.0,,2876.0,,1575
5560,"Cheyenne-Arapaho OTSA, OK",58601.0,,1571.0,,5560
6890,"Lower Kalskag ANVSA, AK",32813.0,,6629.0,,6890
9844,"Pee Dee SDTSA, SC",33667.0,,4563.0,,9844
3130,"Reno-Sparks Indian Colony and Off-Reservation Trust Land, NV",35000.0,,8512.0,,3130
9510,"Adais Caddo (state) SDTSA, LA",28594.0,,3084.0,,9510
9960,"United Houma Nation (state) SDTSA, LA",49661.0,,1879.0,,9960
5033,"Hoolehua-Palaaau Hawaiian Home Land, HI",41375.0,,10432.0,,5033
0770,"Coos, Lower Umpqua, and Siuslaw Reservation and Off-Reservation Trust Land, OR",20750.0,,6854.0,,0770
1075,"Fallon Paiute-Shoshone Reservation and Off-Reservation Trust Land, NV",36250.0,,8839.0,,1075
9875,"Santee SDTSA, SC",27614.0,,4302.0,,9875
7640,"Tuntutuliak ANVSA, AK",30893.0,,4733.0,,7640
8750,"Samish TDSA, WA",64901.0,,1454.0,,8750
0510,"Carson Colony, NV",48333.0,,19752.0,,0510
1475,"Hollywood Reservation, FL",37750.0,,9022.0,,1475
1625,"Isleta Pueblo, NM",34859.0,,6253.0,,1625
2100,"Manchester-Point Arena Rancheria, CA",40833.0,,20841.0,,2100
5043,"Kakaina-Kumuhau Hawaiian Home Land, HI",77434.0,,6969.0,,5043
4785,"Zuni Reservation and Off-Reservation Trust Land, NM--AZ",37365.0,,4660.0,,4785
6590,"Hoonah ANVSA, AK",63750.0,,9890.0,,6590
7263,"Port Alsworth ANVSA, AK",86250.0,,7860.0,,7263
1800,"Kootenai Reservation and Off-Reservation Trust Land, ID",49375.0,,30903.0,,1800
2015,"Lovelock Indian Colony, NV",13750.0,,12723.0,,2015
3280,"Sac and Fox/Meskwaki Settlement and Off-Reservation Trust Land, IA",49500.0,,8217.0,,3280
4625,"Winnebago Reservation and Off-Reservation Trust Land, NE--IA",49453.0,,2949.0,,4625
6100,"Angoon ANVSA, AK",43542.0,,8399.0,,6100
6845,"Kwinhagak ANVSA, AK",33194.0,,4187.0,,6845
7070,"Nikolai ANVSA, AK",34167.0,,5931.0,,7070
6080,"Anaktuvuk Pass ANVSA, AK",57143.0,,4755.0,,6080
7255,"Point Lay ANVSA, AK",63750.0,,15042.0,,7255
0975,"Duckwater Reservation, NV",48636.0,,11505.0,,0975
6730,"Kiana ANVSA, AK",46875.0,,20174.0,,6730
5690,"Kaw OTSA, OK",50867.0,,2203.0,,5690
7230,"Pilot Station ANVSA, AK",29688.0,,3276.0,,7230
0760,"Colville Reservation and Off-Reservation Trust Land, WA",39483.0,,2662.0,,0760
4665,"Woodfords Community, CA",26875.0,,13228.0,,4665
6445,"Egegik ANVSA, AK",41250.0,,28930.0,,6445
7690,"Unalakleet ANVSA, AK",70875.0,,12940.0,,7690
7605,"Togiak ANVSA, AK",40000.0,,13036.0,,7605
0440,"Campbell Ranch, NV",25577.0,,4408.0,,0440
7755,"Wrangell ANVSA, AK",58214.0,,6050.0,,7755
2820,"Pinoleville Rancheria, CA",43750.0,,24704.0,,2820
2315,"Moapa River Indian Reservation, NV",35313.0,,13074.0,,2315
7030,"Nenana ANVSA, AK",46250.0,,13103.0,,7030
0110,"Annette Island Reserve, AK",53409.0,,9595.0,,0110
9800,"Lenape Indian Tribe of Delaware SDTSA, DE",34167.0,,5858.0,,9800
7495,"Sleetmute ANVSA, AK",46250.0,,33224.0,,7495
5146,"Makuu Hawaiian Home Land, HI",41250.0,,7243.0,,5146
6125,"Anvik ANVSA, AK",43125.0,,16582.0,,6125
6615,"Hydaburg ANVSA, AK",34028.0,,8934.0,,6615
5720,"Kiowa-Comanche-Apache-Fort Sill Apache OTSA, OK",49417.0,,1020.0,,5720
3340,"Salt River Reservation, AZ",35417.0,,4749.0,,3340
4740,"Yomba Reservation, NV",54583.0,,20202.0,,4740
5740,"Modoc OTSA, OK",37500.0,,8569.0,,5740
6175,"Barrow ANVSA, AK",83205.0,,13775.0,,6175
6995,"Nanwalek ANVSA, AK",49063.0,,6484.0,,6995
0720,"Cold Springs Rancheria, CA",33333.0,,6008.0,,0720
6720,"Kenaitze ANVSA, AK",68624.0,,5678.0,,6720
0305,"Blackfeet Indian Reservation and Off-Reservation Trust Land, MT",26264.0,,3444.0,,0305
2595,"Osage Reservation, OK",47789.0,,1927.0,,2595
6910,"Marshall ANVSA, AK",29643.0,,4470.0,,6910
2145,"Mashantucket Pequot Reservation, CT",101667.0,,26748.0,,2145
4405,"Umatilla Reservation and Off-Reservation Trust Land, OR",53462.0,,4084.0,,4405
6710,"Kasigluk ANVSA, AK",44583.0,,5423.0,,6710
2990,"Pueblo of Pojoaque and Off-Reservation Trust Land, NM",52500.0,,3486.0,,2990
5640,"Eastern Shawnee OTSA, OK",52500.0,,8329.0,,5640
0200,"Berry Creek Rancheria and Off-Reservation Trust Land, CA",49779.0,,23548.0,,0200
7135,"Nunapitchuk ANVSA, AK",36786.0,,6450.0,,7135
7425,"Scammon Bay ANVSA, AK",30417.0,,9017.0,,7425
7625,"Toksook Bay ANVSA, AK",45357.0,,11712.0,,7625
1460,"Hoh Indian Reservation and Off-Reservation Trust Land, WA",26250.0,,18634.0,,1460
0635,"Chitimacha Reservation, LA",41534.0,,6015.0,,0635
3370,"Sandia Pueblo, NM",39362.0,,2630.0,,3370
7150,"Old Harbor ANVSA, AK",31563.0,,15156.0,,7150
1185,"Fort Hall Reservation and Off-Reservation Trust Land, ID",39309.0,,1636.0,,1185
3925,"Southern Ute Reservation, CO",60582.0,,2647.0,,3925
7465,"Shishmaref ANVSA, AK",38636.0,,3107.0,,7465
7390,"St. Paul ANVSA, AK",60833.0,,13556.0,,7390
7315,"Russian Mission ANVSA, AK",35000.0,,10583.0,,7315
5830,"Seminole OTSA, OK",38652.0,,1535.0,,5830
0360,"Brighton Reservation, FL",105192.0,,10302.0,,0360
6630,"Inalik ANVSA, AK",23750.0,,14977.0,,6630
1135,"Forest County Potawatomi Community and Off-Reservation Trust Land, WI",66786.0,,12769.0,,1135
1850,"La Jolla Reservation, CA",41875.0,,15735.0,,1850
4680,"XL Ranch Rancheria, CA",39583.0,,18198.0,,4680
2760,"Penobscot Reservation and Off-Reservation Trust Land, ME",29000.0,,8737.0,,2760
7415,"Savoonga ANVSA, AK",41875.0,,7960.0,,7415
0705,"Coeur d'Alene Reservation, ID",48182.0,,2676.0,,0705
4345,"Turtle Mountain Reservation and Off-Reservation Trust Land, MT--ND--SD",32460.0,,7389.0,,4345
0080,"Allegany Reservation, NY",31108.0,,1738.0,,0080
7765,"Yakutat ANVSA, AK",65833.0,,9645.0,,7765
2270,"Mille Lacs Reservation and Off-Reservation Trust Land, MN",37177.0,,1953.0,,2270
4390,"Uintah and Ouray Reservation and Off-Reservation Trust Land, UT",63115.0,,1923.0,,4390
3095,"Redding Rancheria, CA",156250.0,,149482.0,,3095
3735,"Sherwood Valley Rancheria and Off-Reservation Trust Land, CA",16250.0,,4411.0,,3735
3855,"Smith River Reservation and Off-Reservation Trust Land, CA",37917.0,,20972.0,,3855
1210,"Fort McDermitt Indian Reservation, NV--OR",17321.0,,4825.0,,1210
1700,"Jicarilla Apache Nation Reservation and Off-Reservation Trust Land, NM",41696.0,,5025.0,,1700
9835,"Nanticoke Lenni Lenape (state) SDTSA, NJ",49720.0,,3616.0,,9835
6495,"Eyak ANVSA, AK",121250.0,,50251.0,,6495
7430,"Selawik ANVSA, AK",35938.0,,4624.0,,7430
1250,"Fort Peck Indian Reservation and Off-Reservation Trust Land, MT",36786.0,,6181.0,,1250
9550,"Cher-O-Creek SDTSA, AL",43634.0,,839.0,,9550
3010,"Pyramid Lake Paiute Reservation, NV",40625.0,,4224.0,,3010
5088,"Kaupea Hawaiian Home Land, HI",110714.0,,6582.0,,5088
5890,"Wyandotte OTSA, OK",39063.0,,6181.0,,5890
7265,"Port Graham ANVSA, AK",29375.0,,14782.0,,7265
3040,"Quinault Reservation, WA",41250.0,,9773.0,,3040
3985,"Stewarts Point Rancheria and Off-Reservation Trust Land, CA",60625.0,,32542.0,,3985
3935,"Spirit Lake Reservation, ND",30347.0,,3251.0,,3935
4095,"Table Bluff Reservation, CA",38125.0,,21280.0,,4095
4200,"Tohono O'odham Nation Reservation and Off-Reservation Trust Land, AZ",28750.0,,5351.0,,4200
6105,"Aniak ANVSA, AK",60357.0,,13652.0,,6105
5915,"Creek/Seminole joint-use OTSA, OK",39402.0,,3188.0,,5915
6670,"Kake ANVSA, AK",54625.0,,4581.0,,6670
7080,"Ninilchik ANVSA, AK",61789.0,,3051.0,,7080
1170,"Fort Bidwell Reservation and Off-Reservation Trust Land, CA",23333.0,,16559.0,,1170
3185,"Roaring Creek Rancheria, CA",68750.0,,62500.0,,3185
6840,"Kwigillingok ANVSA, AK",51875.0,,8815.0,,6840
2635,"Pala Reservation, CA",103750.0,,13183.0,,2635
